from_framework,from_code,to_framework,to_code,relation
CA-CCSSM-2013,3.NF.A.1,CA-CCSSM-2013,4.NF.A.1,prerequisite
CA-CCSSM-2013,4.NF.A.1,CA-CCSSM-2013,5.NF.A.1,prerequisite
CA-CCSSM-2013,3.NF.A.1,CA-CCSSM-2013,5.NF.A.1,prerequisite
CA-CCSSM-2013,K.CC.1,CA-CCSSM-2013,K.CC.2,prerequisite
CA-CCSSM-2013,K.CC.2,CA-CCSSM-2013,K.CC.3,prerequisite
CA-CCSSM-2013,K.CC.3,CA-CCSSM-2013,K.CC.4.a,prerequisite
CA-CCSSM-2013,K.CC.4.a,CA-CCSSM-2013,K.CC.4.b,prerequisite
CA-CCSSM-2013,K.CC.4.b,CA-CCSSM-2013,K.CC.4.c,prerequisite
CA-CCSSM-2013,K.CC.4.c,CA-CCSSM-2013,K.CC.5,prerequisite
CA-CCSSM-2013,K.CC.5,CA-CCSSM-2013,K.CC.6,prerequisite
CA-CCSSM-2013,K.CC.6,CA-CCSSM-2013,K.CC.7,prerequisite
CA-CCSSM-2013,K.CC.7,CA-CCSSM-2013,K.G.1,prerequisite
CA-CCSSM-2013,K.G.1,CA-CCSSM-2013,K.G.2,prerequisite
CA-CCSSM-2013,K.G.2,CA-CCSSM-2013,K.G.3,prerequisite
CA-CCSSM-2013,K.G.3,CA-CCSSM-2013,K.G.4,prerequisite
CA-CCSSM-2013,K.G.4,CA-CCSSM-2013,K.G.5,prerequisite
CA-CCSSM-2013,K.G.5,CA-CCSSM-2013,K.G.6,prerequisite
CA-CCSSM-2013,K.G.6,CA-CCSSM-2013,K.MD.1,prerequisite
CA-CCSSM-2013,K.MD.1,CA-CCSSM-2013,K.MD.2,prerequisite
CA-CCSSM-2013,K.MD.2,CA-CCSSM-2013,K.MD.3,prerequisite
CA-CCSSM-2013,K.MD.3,CA-CCSSM-2013,K.NBT.1,prerequisite
CA-CCSSM-2013,K.NBT.1,CA-CCSSM-2013,K.OA.1,prerequisite
CA-CCSSM-2013,K.OA.1,CA-CCSSM-2013,K.OA.2,prerequisite
CA-CCSSM-2013,K.OA.2,CA-CCSSM-2013,K.OA.3,prerequisite
CA-CCSSM-2013,K.OA.3,CA-CCSSM-2013,K.OA.4,prerequisite
CA-CCSSM-2013,K.OA.4,CA-CCSSM-2013,K.OA.5,prerequisite
CA-CCSSM-2013,K.OA.5,CA-CCSSM-2013,1.G.1,prerequisite
CA-CCSSM-2013,1.G.1,CA-CCSSM-2013,1.G.2,prerequisite
CA-CCSSM-2013,1.G.2,CA-CCSSM-2013,1.G.3,prerequisite
CA-CCSSM-2013,1.G.3,CA-CCSSM-2013,1.MD.1,prerequisite
CA-CCSSM-2013,1.MD.1,CA-CCSSM-2013,1.MD.2,prerequisite
CA-CCSSM-2013,1.MD.2,CA-CCSSM-2013,1.MD.3,prerequisite
CA-CCSSM-2013,1.MD.3,CA-CCSSM-2013,1.MD.4,prerequisite
CA-CCSSM-2013,1.MD.4,CA-CCSSM-2013,1.NBT.1,prerequisite
CA-CCSSM-2013,1.NBT.1,CA-CCSSM-2013,1.NBT.2.a,prerequisite
CA-CCSSM-2013,1.NBT.2.a,CA-CCSSM-2013,1.NBT.2.b,prerequisite
CA-CCSSM-2013,1.NBT.2.b,CA-CCSSM-2013,1.NBT.2.c,prerequisite
CA-CCSSM-2013,1.NBT.2.c,CA-CCSSM-2013,1.NBT.3,prerequisite
CA-CCSSM-2013,1.NBT.3,CA-CCSSM-2013,1.NBT.4,prerequisite
CA-CCSSM-2013,1.NBT.4,CA-CCSSM-2013,1.NBT.5,prerequisite
CA-CCSSM-2013,1.NBT.5,CA-CCSSM-2013,1.NBT.6,prerequisite
CA-CCSSM-2013,1.NBT.6,CA-CCSSM-2013,1.OA.1,prerequisite
CA-CCSSM-2013,1.OA.1,CA-CCSSM-2013,1.OA.2,prerequisite
CA-CCSSM-2013,1.OA.2,CA-CCSSM-2013,1.OA.3,prerequisite
CA-CCSSM-2013,1.OA.3,CA-CCSSM-2013,1.OA.4,prerequisite
CA-CCSSM-2013,1.OA.4,CA-CCSSM-2013,1.OA.5,prerequisite
CA-CCSSM-2013,1.OA.5,CA-CCSSM-2013,1.OA.6,prerequisite
CA-CCSSM-2013,1.OA.6,CA-CCSSM-2013,1.OA.7,prerequisite
CA-CCSSM-2013,1.OA.7,CA-CCSSM-2013,1.OA.8,prerequisite
CA-CCSSM-2013,1.OA.8,CA-CCSSM-2013,2.G.1,prerequisite
CA-CCSSM-2013,2.G.1,CA-CCSSM-2013,2.G.2,prerequisite
CA-CCSSM-2013,2.G.2,CA-CCSSM-2013,2.G.3,prerequisite
CA-CCSSM-2013,2.G.3,CA-CCSSM-2013,2.MD.1,prerequisite
CA-CCSSM-2013,2.MD.1,CA-CCSSM-2013,2.MD.10,prerequisite
CA-CCSSM-2013,2.MD.10,CA-CCSSM-2013,2.MD.2,prerequisite
CA-CCSSM-2013,2.MD.2,CA-CCSSM-2013,2.MD.3,prerequisite
CA-CCSSM-2013,2.MD.3,CA-CCSSM-2013,2.MD.4,prerequisite
CA-CCSSM-2013,2.MD.4,CA-CCSSM-2013,2.MD.5,prerequisite
CA-CCSSM-2013,2.MD.5,CA-CCSSM-2013,2.MD.6,prerequisite
CA-CCSSM-2013,2.MD.6,CA-CCSSM-2013,2.MD.7,prerequisite
CA-CCSSM-2013,2.MD.7,CA-CCSSM-2013,2.MD.8,prerequisite
CA-CCSSM-2013,2.MD.8,CA-CCSSM-2013,2.MD.9,prerequisite
CA-CCSSM-2013,2.MD.9,CA-CCSSM-2013,2.NBT.1.a,prerequisite
CA-CCSSM-2013,2.NBT.1.a,CA-CCSSM-2013,2.NBT.1.b,prerequisite
CA-CCSSM-2013,2.NBT.1.b,CA-CCSSM-2013,2.NBT.2,prerequisite
CA-CCSSM-2013,2.NBT.2,CA-CCSSM-2013,2.NBT.3,prerequisite
CA-CCSSM-2013,2.NBT.3,CA-CCSSM-2013,2.NBT.4,prerequisite
CA-CCSSM-2013,2.NBT.4,CA-CCSSM-2013,2.NBT.5,prerequisite
CA-CCSSM-2013,2.NBT.5,CA-CCSSM-2013,2.NBT.6,prerequisite
CA-CCSSM-2013,2.NBT.6,CA-CCSSM-2013,2.NBT.7,prerequisite
CA-CCSSM-2013,2.NBT.7,CA-CCSSM-2013,2.NBT.7.1,prerequisite
CA-CCSSM-2013,2.NBT.7.1,CA-CCSSM-2013,2.NBT.8,prerequisite
CA-CCSSM-2013,2.NBT.8,CA-CCSSM-2013,2.NBT.9,prerequisite
CA-CCSSM-2013,2.NBT.9,CA-CCSSM-2013,2.OA.1,prerequisite
CA-CCSSM-2013,2.OA.1,CA-CCSSM-2013,2.OA.2,prerequisite
CA-CCSSM-2013,2.OA.2,CA-CCSSM-2013,2.OA.3,prerequisite
CA-CCSSM-2013,2.OA.3,CA-CCSSM-2013,2.OA.4,prerequisite
CA-CCSSM-2013,2.OA.4,CA-CCSSM-2013,3.G.1,prerequisite
CA-CCSSM-2013,3.G.1,CA-CCSSM-2013,3.G.2,prerequisite
CA-CCSSM-2013,3.G.2,CA-CCSSM-2013,3.MD.1,prerequisite
CA-CCSSM-2013,3.MD.1,CA-CCSSM-2013,3.MD.2,prerequisite
CA-CCSSM-2013,3.MD.2,CA-CCSSM-2013,3.MD.3,prerequisite
CA-CCSSM-2013,3.MD.3,CA-CCSSM-2013,3.MD.4,prerequisite
CA-CCSSM-2013,3.MD.4,CA-CCSSM-2013,3.MD.5.a,prerequisite
CA-CCSSM-2013,3.MD.5.a,CA-CCSSM-2013,3.MD.5.b,prerequisite
CA-CCSSM-2013,3.MD.5.b,CA-CCSSM-2013,3.MD.6,prerequisite
CA-CCSSM-2013,3.MD.6,CA-CCSSM-2013,3.MD.7.a,prerequisite
CA-CCSSM-2013,3.MD.7.a,CA-CCSSM-2013,3.MD.7.b,prerequisite
CA-CCSSM-2013,3.MD.7.b,CA-CCSSM-2013,3.MD.7.c,prerequisite
CA-CCSSM-2013,3.MD.7.c,CA-CCSSM-2013,3.MD.7.d,prerequisite
CA-CCSSM-2013,3.MD.7.d,CA-CCSSM-2013,3.MD.8,prerequisite
CA-CCSSM-2013,3.MD.8,CA-CCSSM-2013,3.NBT.1,prerequisite
CA-CCSSM-2013,3.NBT.1,CA-CCSSM-2013,3.NBT.2,prerequisite
CA-CCSSM-2013,3.NBT.2,CA-CCSSM-2013,3.NBT.3,prerequisite
CA-CCSSM-2013,3.NBT.3,CA-CCSSM-2013,3.NF.1,prerequisite
CA-CCSSM-2013,3.NF.1,CA-CCSSM-2013,3.NF.2.a,prerequisite
CA-CCSSM-2013,3.NF.2.a,CA-CCSSM-2013,3.NF.2.b,prerequisite
CA-CCSSM-2013,3.NF.2.b,CA-CCSSM-2013,3.NF.3.a,prerequisite
CA-CCSSM-2013,3.NF.3.a,CA-CCSSM-2013,3.NF.3.b,prerequisite
CA-CCSSM-2013,3.NF.3.b,CA-CCSSM-2013,3.NF.3.c,prerequisite
CA-CCSSM-2013,3.NF.3.c,CA-CCSSM-2013,3.NF.3.d,prerequisite
CA-CCSSM-2013,3.NF.3.d,CA-CCSSM-2013,3.OA.1,prerequisite
CA-CCSSM-2013,3.OA.1,CA-CCSSM-2013,3.OA.2,prerequisite
CA-CCSSM-2013,3.OA.2,CA-CCSSM-2013,3.OA.3,prerequisite
CA-CCSSM-2013,3.OA.3,CA-CCSSM-2013,3.OA.4,prerequisite
CA-CCSSM-2013,3.OA.4,CA-CCSSM-2013,3.OA.5,prerequisite
CA-CCSSM-2013,3.OA.5,CA-CCSSM-2013,3.OA.6,prerequisite
CA-CCSSM-2013,3.OA.6,CA-CCSSM-2013,3.OA.7,prerequisite
CA-CCSSM-2013,3.OA.7,CA-CCSSM-2013,3.OA.8,prerequisite
CA-CCSSM-2013,3.OA.8,CA-CCSSM-2013,4.G.1,prerequisite
CA-CCSSM-2013,4.G.1,CA-CCSSM-2013,4.G.2,prerequisite
CA-CCSSM-2013,4.G.2,CA-CCSSM-2013,4.G.3,prerequisite
CA-CCSSM-2013,4.G.3,CA-CCSSM-2013,4.MD.1,prerequisite
CA-CCSSM-2013,4.MD.1,CA-CCSSM-2013,4.MD.2,prerequisite
CA-CCSSM-2013,4.MD.2,CA-CCSSM-2013,4.MD.3,prerequisite
CA-CCSSM-2013,4.MD.3,CA-CCSSM-2013,4.MD.4,prerequisite
CA-CCSSM-2013,4.MD.4,CA-CCSSM-2013,4.MD.5.a,prerequisite
CA-CCSSM-2013,4.MD.5.a,CA-CCSSM-2013,4.MD.5.b,prerequisite
CA-CCSSM-2013,4.MD.5.b,CA-CCSSM-2013,4.MD.6,prerequisite
CA-CCSSM-2013,4.MD.6,CA-CCSSM-2013,4.MD.7,prerequisite
CA-CCSSM-2013,4.MD.7,CA-CCSSM-2013,4.NBT.1,prerequisite
CA-CCSSM-2013,4.NBT.1,CA-CCSSM-2013,4.NBT.2,prerequisite
CA-CCSSM-2013,4.NBT.2,CA-CCSSM-2013,4.NBT.3,prerequisite
CA-CCSSM-2013,4.NBT.3,CA-CCSSM-2013,4.NBT.4,prerequisite
CA-CCSSM-2013,4.NBT.4,CA-CCSSM-2013,4.NBT.5,prerequisite
CA-CCSSM-2013,4.NBT.5,CA-CCSSM-2013,4.NBT.6,prerequisite
CA-CCSSM-2013,4.NBT.6,CA-CCSSM-2013,4.NF.1,prerequisite
CA-CCSSM-2013,4.NF.1,CA-CCSSM-2013,4.NF.2,prerequisite
CA-CCSSM-2013,4.NF.2,CA-CCSSM-2013,4.NF.3.a,prerequisite
CA-CCSSM-2013,4.NF.3.a,CA-CCSSM-2013,4.NF.3.b,prerequisite
CA-CCSSM-2013,4.NF.3.b,CA-CCSSM-2013,4.NF.3.c,prerequisite
CA-CCSSM-2013,4.NF.3.c,CA-CCSSM-2013,4.NF.3.d,prerequisite
CA-CCSSM-2013,4.NF.3.d,CA-CCSSM-2013,4.NF.4.a,prerequisite
CA-CCSSM-2013,4.NF.4.a,CA-CCSSM-2013,4.NF.4.b,prerequisite
CA-CCSSM-2013,4.NF.4.b,CA-CCSSM-2013,4.NF.4.c,prerequisite
CA-CCSSM-2013,4.NF.4.c,CA-CCSSM-2013,4.NF.5,prerequisite
CA-CCSSM-2013,4.NF.5,CA-CCSSM-2013,4.NF.6,prerequisite
CA-CCSSM-2013,4.NF.6,CA-CCSSM-2013,4.NF.7,prerequisite
CA-CCSSM-2013,4.NF.7,CA-CCSSM-2013,4.OA.1,prerequisite
CA-CCSSM-2013,4.OA.1,CA-CCSSM-2013,4.OA.2,prerequisite
CA-CCSSM-2013,4.OA.2,CA-CCSSM-2013,4.OA.3,prerequisite
CA-CCSSM-2013,4.OA.3,CA-CCSSM-2013,4.OA.4,prerequisite
CA-CCSSM-2013,4.OA.4,CA-CCSSM-2013,4.OA.5,prerequisite
CA-CCSSM-2013,4.OA.5,CA-CCSSM-2013,5.G.1,prerequisite
CA-CCSSM-2013,5.G.1,CA-CCSSM-2013,5.G.2,prerequisite
CA-CCSSM-2013,5.G.2,CA-CCSSM-2013,5.G.3,prerequisite
CA-CCSSM-2013,5.G.3,CA-CCSSM-2013,5.G.4,prerequisite
CA-CCSSM-2013,5.G.4,CA-CCSSM-2013,5.MD.1,prerequisite
CA-CCSSM-2013,5.MD.1,CA-CCSSM-2013,5.MD.2,prerequisite
CA-CCSSM-2013,5.MD.2,CA-CCSSM-2013,5.MD.3.a,prerequisite
CA-CCSSM-2013,5.MD.3.a,CA-CCSSM-2013,5.MD.3.b,prerequisite
CA-CCSSM-2013,5.MD.3.b,CA-CCSSM-2013,5.MD.4,prerequisite
CA-CCSSM-2013,5.MD.4,CA-CCSSM-2013,5.MD.5.a,prerequisite
CA-CCSSM-2013,5.MD.5.a,CA-CCSSM-2013,5.MD.5.b,prerequisite
CA-CCSSM-2013,5.MD.5.b,CA-CCSSM-2013,5.MD.5.c,prerequisite
CA-CCSSM-2013,5.MD.5.c,CA-CCSSM-2013,5.NBT.1,prerequisite
CA-CCSSM-2013,5.NBT.1,CA-CCSSM-2013,5.NBT.2,prerequisite
CA-CCSSM-2013,5.NBT.2,CA-CCSSM-2013,5.NBT.3.a,prerequisite
CA-CCSSM-2013,5.NBT.3.a,CA-CCSSM-2013,5.NBT.3.b,prerequisite
CA-CCSSM-2013,5.NBT.3.b,CA-CCSSM-2013,5.NBT.4,prerequisite
CA-CCSSM-2013,5.NBT.4,CA-CCSSM-2013,5.NBT.5,prerequisite
CA-CCSSM-2013,5.NBT.5,CA-CCSSM-2013,5.NBT.6,prerequisite
CA-CCSSM-2013,5.NBT.6,CA-CCSSM-2013,5.NBT.7,prerequisite
CA-CCSSM-2013,5.NBT.7,CA-CCSSM-2013,5.NF.1,prerequisite
CA-CCSSM-2013,5.NF.1,CA-CCSSM-2013,5.NF.2,prerequisite
CA-CCSSM-2013,5.NF.2,CA-CCSSM-2013,5.NF.3,prerequisite
CA-CCSSM-2013,5.NF.3,CA-CCSSM-2013,5.NF.4.a,prerequisite
CA-CCSSM-2013,5.NF.4.a,CA-CCSSM-2013,5.NF.4.b,prerequisite
CA-CCSSM-2013,5.NF.4.b,CA-CCSSM-2013,5.NF.5.a,prerequisite
CA-CCSSM-2013,5.NF.5.a,CA-CCSSM-2013,5.NF.5.b,prerequisite
CA-CCSSM-2013,5.NF.5.b,CA-CCSSM-2013,5.NF.6,prerequisite
CA-CCSSM-2013,5.NF.6,CA-CCSSM-2013,5.NF.7.a,prerequisite
CA-CCSSM-2013,5.NF.7.a,CA-CCSSM-2013,5.NF.7.b,prerequisite
CA-CCSSM-2013,5.NF.7.b,CA-CCSSM-2013,5.NF.7.c,prerequisite
CA-CCSSM-2013,5.NF.7.c,CA-CCSSM-2013,5.OA.1,prerequisite
CA-CCSSM-2013,5.OA.1,CA-CCSSM-2013,5.OA.2,prerequisite
CA-CCSSM-2013,5.OA.2,CA-CCSSM-2013,5.OA.2.1,prerequisite
CA-CCSSM-2013,5.OA.2.1,CA-CCSSM-2013,5.OA.3,prerequisite
CA-CCSS-ELA-2013,L.K.1,CA-CCSS-ELA-2013,L.1.1,prerequisite
CA-CCSS-ELA-2013,L.1.1,CA-CCSS-ELA-2013,L.2.1,prerequisite
CA-CCSS-ELA-2013,L.2.1,CA-CCSS-ELA-2013,L.3.1,prerequisite
CA-CCSS-ELA-2013,L.3.1,CA-CCSS-ELA-2013,L.4.1,prerequisite
CA-CCSS-ELA-2013,L.4.1,CA-CCSS-ELA-2013,L.5.1,prerequisite
CA-CCSS-ELA-2013,L.K.2,CA-CCSS-ELA-2013,L.1.2,prerequisite
CA-CCSS-ELA-2013,L.1.2,CA-CCSS-ELA-2013,L.2.2,prerequisite
CA-CCSS-ELA-2013,L.2.2,CA-CCSS-ELA-2013,L.3.2,prerequisite
CA-CCSS-ELA-2013,L.3.2,CA-CCSS-ELA-2013,L.4.2,prerequisite
CA-CCSS-ELA-2013,L.4.2,CA-CCSS-ELA-2013,L.5.2,prerequisite
CA-CCSS-ELA-2013,L.K.3,CA-CCSS-ELA-2013,L.1.3,prerequisite
CA-CCSS-ELA-2013,L.1.3,CA-CCSS-ELA-2013,L.2.3,prerequisite
CA-CCSS-ELA-2013,L.2.3,CA-CCSS-ELA-2013,L.3.3,prerequisite
CA-CCSS-ELA-2013,L.3.3,CA-CCSS-ELA-2013,L.4.3,prerequisite
CA-CCSS-ELA-2013,L.4.3,CA-CCSS-ELA-2013,L.5.3,prerequisite
CA-CCSS-ELA-2013,L.K.4,CA-CCSS-ELA-2013,L.1.4,prerequisite
CA-CCSS-ELA-2013,L.1.4,CA-CCSS-ELA-2013,L.2.4,prerequisite
CA-CCSS-ELA-2013,L.2.4,CA-CCSS-ELA-2013,L.3.4,prerequisite
CA-CCSS-ELA-2013,L.3.4,CA-CCSS-ELA-2013,L.4.4,prerequisite
CA-CCSS-ELA-2013,L.4.4,CA-CCSS-ELA-2013,L.5.4,prerequisite
CA-CCSS-ELA-2013,L.K.5,CA-CCSS-ELA-2013,L.1.5,prerequisite
CA-CCSS-ELA-2013,L.1.5,CA-CCSS-ELA-2013,L.2.5,prerequisite
CA-CCSS-ELA-2013,L.2.5,CA-CCSS-ELA-2013,L.3.5,prerequisite
CA-CCSS-ELA-2013,L.3.5,CA-CCSS-ELA-2013,L.4.5,prerequisite
CA-CCSS-ELA-2013,L.4.5,CA-CCSS-ELA-2013,L.5.5,prerequisite
CA-CCSS-ELA-2013,L.K.6,CA-CCSS-ELA-2013,L.1.6,prerequisite
CA-CCSS-ELA-2013,L.1.6,CA-CCSS-ELA-2013,L.2.6,prerequisite
CA-CCSS-ELA-2013,L.2.6,CA-CCSS-ELA-2013,L.3.6,prerequisite
CA-CCSS-ELA-2013,L.3.6,CA-CCSS-ELA-2013,L.4.6,prerequisite
CA-CCSS-ELA-2013,L.4.6,CA-CCSS-ELA-2013,L.5.6,prerequisite
CA-CCSS-ELA-2013,RF.K.1,CA-CCSS-ELA-2013,RF.1.1,prerequisite
CA-CCSS-ELA-2013,RF.K.2,CA-CCSS-ELA-2013,RF.1.2,prerequisite
CA-CCSS-ELA-2013,RF.K.3,CA-CCSS-ELA-2013,RF.1.3,prerequisite
CA-CCSS-ELA-2013,RF.1.3,CA-CCSS-ELA-2013,RF.2.3,prerequisite
CA-CCSS-ELA-2013,RF.2.3,CA-CCSS-ELA-2013,RF.3.3,prerequisite
CA-CCSS-ELA-2013,RF.3.3,CA-CCSS-ELA-2013,RF.4.3,prerequisite
CA-CCSS-ELA-2013,RF.4.3,CA-CCSS-ELA-2013,RF.5.3,prerequisite
CA-CCSS-ELA-2013,RF.K.4,CA-CCSS-ELA-2013,RF.1.4,prerequisite
CA-CCSS-ELA-2013,RF.1.4,CA-CCSS-ELA-2013,RF.2.4,prerequisite
CA-CCSS-ELA-2013,RF.2.4,CA-CCSS-ELA-2013,RF.3.4,prerequisite
CA-CCSS-ELA-2013,RF.3.4,CA-CCSS-ELA-2013,RF.4.4,prerequisite
CA-CCSS-ELA-2013,RF.4.4,CA-CCSS-ELA-2013,RF.5.4,prerequisite
CA-CCSS-ELA-2013,RI.K.1,CA-CCSS-ELA-2013,RI.1.1,prerequisite
CA-CCSS-ELA-2013,RI.1.1,CA-CCSS-ELA-2013,RI.2.1,prerequisite
CA-CCSS-ELA-2013,RI.2.1,CA-CCSS-ELA-2013,RI.3.1,prerequisite
CA-CCSS-ELA-2013,RI.3.1,CA-CCSS-ELA-2013,RI.4.1,prerequisite
CA-CCSS-ELA-2013,RI.4.1,CA-CCSS-ELA-2013,RI.5.1,prerequisite
CA-CCSS-ELA-2013,RI.K.10,CA-CCSS-ELA-2013,RI.1.10,prerequisite
CA-CCSS-ELA-2013,RI.1.10,CA-CCSS-ELA-2013,RI.2.10,prerequisite
CA-CCSS-ELA-2013,RI.2.10,CA-CCSS-ELA-2013,RI.3.10,prerequisite
CA-CCSS-ELA-2013,RI.3.10,CA-CCSS-ELA-2013,RI.4.10,prerequisite
CA-CCSS-ELA-2013,RI.4.10,CA-CCSS-ELA-2013,RI.5.10,prerequisite
CA-CCSS-ELA-2013,RI.K.2,CA-CCSS-ELA-2013,RI.1.2,prerequisite
CA-CCSS-ELA-2013,RI.1.2,CA-CCSS-ELA-2013,RI.2.2,prerequisite
CA-CCSS-ELA-2013,RI.2.2,CA-CCSS-ELA-2013,RI.3.2,prerequisite
CA-CCSS-ELA-2013,RI.3.2,CA-CCSS-ELA-2013,RI.4.2,prerequisite
CA-CCSS-ELA-2013,RI.4.2,CA-CCSS-ELA-2013,RI.5.2,prerequisite
CA-CCSS-ELA-2013,RI.K.3,CA-CCSS-ELA-2013,RI.1.3,prerequisite
CA-CCSS-ELA-2013,RI.1.3,CA-CCSS-ELA-2013,RI.2.3,prerequisite
CA-CCSS-ELA-2013,RI.2.3,CA-CCSS-ELA-2013,RI.3.3,prerequisite
CA-CCSS-ELA-2013,RI.3.3,CA-CCSS-ELA-2013,RI.4.3,prerequisite
CA-CCSS-ELA-2013,RI.4.3,CA-CCSS-ELA-2013,RI.5.3,prerequisite
CA-CCSS-ELA-2013,RI.K.4,CA-CCSS-ELA-2013,RI.1.4,prerequisite
CA-CCSS-ELA-2013,RI.1.4,CA-CCSS-ELA-2013,RI.2.4,prerequisite
CA-CCSS-ELA-2013,RI.2.4,CA-CCSS-ELA-2013,RI.3.4,prerequisite
CA-CCSS-ELA-2013,RI.3.4,CA-CCSS-ELA-2013,RI.4.4,prerequisite
CA-CCSS-ELA-2013,RI.4.4,CA-CCSS-ELA-2013,RI.5.4,prerequisite
CA-CCSS-ELA-2013,RI.K.5,CA-CCSS-ELA-2013,RI.1.5,prerequisite
CA-CCSS-ELA-2013,RI.1.5,CA-CCSS-ELA-2013,RI.2.5,prerequisite
CA-CCSS-ELA-2013,RI.2.5,CA-CCSS-ELA-2013,RI.3.5,prerequisite
CA-CCSS-ELA-2013,RI.3.5,CA-CCSS-ELA-2013,RI.4.5,prerequisite
CA-CCSS-ELA-2013,RI.4.5,CA-CCSS-ELA-2013,RI.5.5,prerequisite
CA-CCSS-ELA-2013,RI.K.6,CA-CCSS-ELA-2013,RI.1.6,prerequisite
CA-CCSS-ELA-2013,RI.1.6,CA-CCSS-ELA-2013,RI.2.6,prerequisite
CA-CCSS-ELA-2013,RI.2.6,CA-CCSS-ELA-2013,RI.3.6,prerequisite
CA-CCSS-ELA-2013,RI.3.6,CA-CCSS-ELA-2013,RI.4.6,prerequisite
CA-CCSS-ELA-2013,RI.4.6,CA-CCSS-ELA-2013,RI.5.6,prerequisite
CA-CCSS-ELA-2013,RI.K.7,CA-CCSS-ELA-2013,RI.1.7,prerequisite
CA-CCSS-ELA-2013,RI.1.7,CA-CCSS-ELA-2013,RI.2.7,prerequisite
CA-CCSS-ELA-2013,RI.2.7,CA-CCSS-ELA-2013,RI.3.7,prerequisite
CA-CCSS-ELA-2013,RI.3.7,CA-CCSS-ELA-2013,RI.4.7,prerequisite
CA-CCSS-ELA-2013,RI.4.7,CA-CCSS-ELA-2013,RI.5.7,prerequisite
CA-CCSS-ELA-2013,RI.K.8,CA-CCSS-ELA-2013,RI.1.8,prerequisite
CA-CCSS-ELA-2013,RI.1.8,CA-CCSS-ELA-2013,RI.2.8,prerequisite
CA-CCSS-ELA-2013,RI.2.8,CA-CCSS-ELA-2013,RI.3.8,prerequisite
CA-CCSS-ELA-2013,RI.3.8,CA-CCSS-ELA-2013,RI.4.8,prerequisite
CA-CCSS-ELA-2013,RI.4.8,CA-CCSS-ELA-2013,RI.5.8,prerequisite
CA-CCSS-ELA-2013,RI.K.9,CA-CCSS-ELA-2013,RI.1.9,prerequisite
CA-CCSS-ELA-2013,RI.1.9,CA-CCSS-ELA-2013,RI.2.9,prerequisite
CA-CCSS-ELA-2013,RI.2.9,CA-CCSS-ELA-2013,RI.3.9,prerequisite
CA-CCSS-ELA-2013,RI.3.9,CA-CCSS-ELA-2013,RI.4.9,prerequisite
CA-CCSS-ELA-2013,RI.4.9,CA-CCSS-ELA-2013,RI.5.9,prerequisite
CA-CCSS-ELA-2013,RL.K.1,CA-CCSS-ELA-2013,RL.1.1,prerequisite
CA-CCSS-ELA-2013,RL.1.1,CA-CCSS-ELA-2013,RL.2.1,prerequisite
CA-CCSS-ELA-2013,RL.2.1,CA-CCSS-ELA-2013,RL.3.1,prerequisite
CA-CCSS-ELA-2013,RL.3.1,CA-CCSS-ELA-2013,RL.4.1,prerequisite
CA-CCSS-ELA-2013,RL.4.1,CA-CCSS-ELA-2013,RL.5.1,prerequisite
CA-CCSS-ELA-2013,RL.K.10,CA-CCSS-ELA-2013,RL.1.10,prerequisite
CA-CCSS-ELA-2013,RL.1.10,CA-CCSS-ELA-2013,RL.2.10,prerequisite
CA-CCSS-ELA-2013,RL.2.10,CA-CCSS-ELA-2013,RL.3.10,prerequisite
CA-CCSS-ELA-2013,RL.3.10,CA-CCSS-ELA-2013,RL.4.10,prerequisite
CA-CCSS-ELA-2013,RL.4.10,CA-CCSS-ELA-2013,RL.5.10,prerequisite
CA-CCSS-ELA-2013,RL.K.2,CA-CCSS-ELA-2013,RL.1.2,prerequisite
CA-CCSS-ELA-2013,RL.3.2,CA-CCSS-ELA-2013,RL.4.2,prerequisite
CA-CCSS-ELA-2013,RL.4.2,CA-CCSS-ELA-2013,RL.5.2,prerequisite
CA-CCSS-ELA-2013,RL.K.3,CA-CCSS-ELA-2013,RL.1.3,prerequisite
CA-CCSS-ELA-2013,RL.3.3,CA-CCSS-ELA-2013,RL.4.3,prerequisite
CA-CCSS-ELA-2013,RL.4.3,CA-CCSS-ELA-2013,RL.5.3,prerequisite
CA-CCSS-ELA-2013,RL.K.4,CA-CCSS-ELA-2013,RL.1.4,prerequisite
CA-CCSS-ELA-2013,RL.1.4,CA-CCSS-ELA-2013,RL.2.4,prerequisite
CA-CCSS-ELA-2013,RL.2.4,CA-CCSS-ELA-2013,RL.3.4,prerequisite
CA-CCSS-ELA-2013,RL.3.4,CA-CCSS-ELA-2013,RL.4.4,prerequisite
CA-CCSS-ELA-2013,RL.4.4,CA-CCSS-ELA-2013,RL.5.4,prerequisite
CA-CCSS-ELA-2013,RL.K.5,CA-CCSS-ELA-2013,RL.1.5,prerequisite
CA-CCSS-ELA-2013,RL.1.5,CA-CCSS-ELA-2013,RL.2.5,prerequisite
CA-CCSS-ELA-2013,RL.2.5,CA-CCSS-ELA-2013,RL.3.5,prerequisite
CA-CCSS-ELA-2013,RL.3.5,CA-CCSS-ELA-2013,RL.4.5,prerequisite
CA-CCSS-ELA-2013,RL.4.5,CA-CCSS-ELA-2013,RL.5.5,prerequisite
CA-CCSS-ELA-2013,RL.K.6,CA-CCSS-ELA-2013,RL.1.6,prerequisite
CA-CCSS-ELA-2013,RL.1.6,CA-CCSS-ELA-2013,RL.2.6,prerequisite
CA-CCSS-ELA-2013,RL.2.6,CA-CCSS-ELA-2013,RL.3.6,prerequisite
CA-CCSS-ELA-2013,RL.3.6,CA-CCSS-ELA-2013,RL.4.6,prerequisite
CA-CCSS-ELA-2013,RL.4.6,CA-CCSS-ELA-2013,RL.5.6,prerequisite
CA-CCSS-ELA-2013,RL.K.7,CA-CCSS-ELA-2013,RL.1.7,prerequisite
CA-CCSS-ELA-2013,RL.1.7,CA-CCSS-ELA-2013,RL.2.7,prerequisite
CA-CCSS-ELA-2013,RL.2.7,CA-CCSS-ELA-2013,RL.3.7,prerequisite
CA-CCSS-ELA-2013,RL.3.7,CA-CCSS-ELA-2013,RL.4.7,prerequisite
CA-CCSS-ELA-2013,RL.4.7,CA-CCSS-ELA-2013,RL.5.7,prerequisite
CA-CCSS-ELA-2013,RL.K.8,CA-CCSS-ELA-2013,RL.1.8,prerequisite
CA-CCSS-ELA-2013,RL.1.8,CA-CCSS-ELA-2013,RL.2.8,prerequisite
CA-CCSS-ELA-2013,RL.2.8,CA-CCSS-ELA-2013,RL.3.8,prerequisite
CA-CCSS-ELA-2013,RL.3.8,CA-CCSS-ELA-2013,RL.4.8,prerequisite
CA-CCSS-ELA-2013,RL.4.8,CA-CCSS-ELA-2013,RL.5.8,prerequisite
CA-CCSS-ELA-2013,RL.K.9,CA-CCSS-ELA-2013,RL.1.9,prerequisite
CA-CCSS-ELA-2013,RL.1.9,CA-CCSS-ELA-2013,RL.2.9,prerequisite
CA-CCSS-ELA-2013,RL.2.9,CA-CCSS-ELA-2013,RL.3.9,prerequisite
CA-CCSS-ELA-2013,RL.3.9,CA-CCSS-ELA-2013,RL.4.9,prerequisite
CA-CCSS-ELA-2013,RL.4.9,CA-CCSS-ELA-2013,RL.5.9,prerequisite
CA-CCSS-ELA-2013,SL.K.1,CA-CCSS-ELA-2013,SL.1.1,prerequisite
CA-CCSS-ELA-2013,SL.1.1,CA-CCSS-ELA-2013,SL.2.1,prerequisite
CA-CCSS-ELA-2013,SL.2.1,CA-CCSS-ELA-2013,SL.3.1,prerequisite
CA-CCSS-ELA-2013,SL.3.1,CA-CCSS-ELA-2013,SL.4.1,prerequisite
CA-CCSS-ELA-2013,SL.4.1,CA-CCSS-ELA-2013,SL.5.1,prerequisite
CA-CCSS-ELA-2013,SL.K.2,CA-CCSS-ELA-2013,SL.1.2,prerequisite
CA-CCSS-ELA-2013,SL.1.2,CA-CCSS-ELA-2013,SL.2.2,prerequisite
CA-CCSS-ELA-2013,SL.2.2,CA-CCSS-ELA-2013,SL.3.2,prerequisite
CA-CCSS-ELA-2013,SL.3.2,CA-CCSS-ELA-2013,SL.4.2,prerequisite
CA-CCSS-ELA-2013,SL.4.2,CA-CCSS-ELA-2013,SL.5.2,prerequisite
CA-CCSS-ELA-2013,SL.K.3,CA-CCSS-ELA-2013,SL.1.3,prerequisite
CA-CCSS-ELA-2013,SL.1.3,CA-CCSS-ELA-2013,SL.2.3,prerequisite
CA-CCSS-ELA-2013,SL.2.3,CA-CCSS-ELA-2013,SL.3.3,prerequisite
CA-CCSS-ELA-2013,SL.3.3,CA-CCSS-ELA-2013,SL.4.3,prerequisite
CA-CCSS-ELA-2013,SL.4.3,CA-CCSS-ELA-2013,SL.5.3,prerequisite
CA-CCSS-ELA-2013,SL.K.4,CA-CCSS-ELA-2013,SL.1.4,prerequisite
CA-CCSS-ELA-2013,SL.1.4,CA-CCSS-ELA-2013,SL.2.4,prerequisite
CA-CCSS-ELA-2013,SL.2.4,CA-CCSS-ELA-2013,SL.3.4,prerequisite
CA-CCSS-ELA-2013,SL.3.4,CA-CCSS-ELA-2013,SL.4.4,prerequisite
CA-CCSS-ELA-2013,SL.4.4,CA-CCSS-ELA-2013,SL.5.4,prerequisite
CA-CCSS-ELA-2013,SL.K.5,CA-CCSS-ELA-2013,SL.1.5,prerequisite
CA-CCSS-ELA-2013,SL.1.5,CA-CCSS-ELA-2013,SL.2.5,prerequisite
CA-CCSS-ELA-2013,SL.2.5,CA-CCSS-ELA-2013,SL.3.5,prerequisite
CA-CCSS-ELA-2013,SL.3.5,CA-CCSS-ELA-2013,SL.4.5,prerequisite
CA-CCSS-ELA-2013,SL.4.5,CA-CCSS-ELA-2013,SL.5.5,prerequisite
CA-CCSS-ELA-2013,SL.K.6,CA-CCSS-ELA-2013,SL.1.6,prerequisite
CA-CCSS-ELA-2013,SL.1.6,CA-CCSS-ELA-2013,SL.2.6,prerequisite
CA-CCSS-ELA-2013,SL.2.6,CA-CCSS-ELA-2013,SL.3.6,prerequisite
CA-CCSS-ELA-2013,SL.3.6,CA-CCSS-ELA-2013,SL.4.6,prerequisite
CA-CCSS-ELA-2013,SL.4.6,CA-CCSS-ELA-2013,SL.5.6,prerequisite
CA-CCSS-ELA-2013,W.K.1,CA-CCSS-ELA-2013,W.1.1,prerequisite
CA-CCSS-ELA-2013,W.1.1,CA-CCSS-ELA-2013,W.2.1,prerequisite
CA-CCSS-ELA-2013,W.2.1,CA-CCSS-ELA-2013,W.3.1,prerequisite
CA-CCSS-ELA-2013,W.3.1,CA-CCSS-ELA-2013,W.4.1,prerequisite
CA-CCSS-ELA-2013,W.4.1,CA-CCSS-ELA-2013,W.5.1,prerequisite
CA-CCSS-ELA-2013,W.K.10,CA-CCSS-ELA-2013,W.1.10,prerequisite
CA-CCSS-ELA-2013,W.1.10,CA-CCSS-ELA-2013,W.2.10,prerequisite
CA-CCSS-ELA-2013,W.2.10,CA-CCSS-ELA-2013,W.3.10,prerequisite
CA-CCSS-ELA-2013,W.3.10,CA-CCSS-ELA-2013,W.4.10,prerequisite
CA-CCSS-ELA-2013,W.4.10,CA-CCSS-ELA-2013,W.5.10,prerequisite
CA-CCSS-ELA-2013,W.K.2,CA-CCSS-ELA-2013,W.1.2,prerequisite
CA-CCSS-ELA-2013,W.1.2,CA-CCSS-ELA-2013,W.2.2,prerequisite
CA-CCSS-ELA-2013,W.2.2,CA-CCSS-ELA-2013,W.3.2,prerequisite
CA-CCSS-ELA-2013,W.3.2,CA-CCSS-ELA-2013,W.4.2,prerequisite
CA-CCSS-ELA-2013,W.4.2,CA-CCSS-ELA-2013,W.5.2,prerequisite
CA-CCSS-ELA-2013,W.K.3,CA-CCSS-ELA-2013,W.1.3,prerequisite
CA-CCSS-ELA-2013,W.1.3,CA-CCSS-ELA-2013,W.2.3,prerequisite
CA-CCSS-ELA-2013,W.2.3,CA-CCSS-ELA-2013,W.3.3,prerequisite
CA-CCSS-ELA-2013,W.3.3,CA-CCSS-ELA-2013,W.4.3,prerequisite
CA-CCSS-ELA-2013,W.4.3,CA-CCSS-ELA-2013,W.5.3,prerequisite
CA-CCSS-ELA-2013,W.K.4,CA-CCSS-ELA-2013,W.1.4,prerequisite
CA-CCSS-ELA-2013,W.1.4,CA-CCSS-ELA-2013,W.2.4,prerequisite
CA-CCSS-ELA-2013,W.2.4,CA-CCSS-ELA-2013,W.3.4,prerequisite
CA-CCSS-ELA-2013,W.3.4,CA-CCSS-ELA-2013,W.4.4,prerequisite
CA-CCSS-ELA-2013,W.4.4,CA-CCSS-ELA-2013,W.5.4,prerequisite
CA-CCSS-ELA-2013,W.K.5,CA-CCSS-ELA-2013,W.1.5,prerequisite
CA-CCSS-ELA-2013,W.1.5,CA-CCSS-ELA-2013,W.2.5,prerequisite
CA-CCSS-ELA-2013,W.2.5,CA-CCSS-ELA-2013,W.3.5,prerequisite
CA-CCSS-ELA-2013,W.3.5,CA-CCSS-ELA-2013,W.4.5,prerequisite
CA-CCSS-ELA-2013,W.4.5,CA-CCSS-ELA-2013,W.5.5,prerequisite
CA-CCSS-ELA-2013,W.K.6,CA-CCSS-ELA-2013,W.1.6,prerequisite
CA-CCSS-ELA-2013,W.1.6,CA-CCSS-ELA-2013,W.2.6,prerequisite
CA-CCSS-ELA-2013,W.2.6,CA-CCSS-ELA-2013,W.3.6,prerequisite
CA-CCSS-ELA-2013,W.3.6,CA-CCSS-ELA-2013,W.4.6,prerequisite
CA-CCSS-ELA-2013,W.4.6,CA-CCSS-ELA-2013,W.5.6,prerequisite
CA-CCSS-ELA-2013,W.K.7,CA-CCSS-ELA-2013,W.1.7,prerequisite
CA-CCSS-ELA-2013,W.1.7,CA-CCSS-ELA-2013,W.2.7,prerequisite
CA-CCSS-ELA-2013,W.2.7,CA-CCSS-ELA-2013,W.3.7,prerequisite
CA-CCSS-ELA-2013,W.3.7,CA-CCSS-ELA-2013,W.4.7,prerequisite
CA-CCSS-ELA-2013,W.4.7,CA-CCSS-ELA-2013,W.5.7,prerequisite
CA-CCSS-ELA-2013,W.K.8,CA-CCSS-ELA-2013,W.1.8,prerequisite
CA-CCSS-ELA-2013,W.1.8,CA-CCSS-ELA-2013,W.2.8,prerequisite
CA-CCSS-ELA-2013,W.2.8,CA-CCSS-ELA-2013,W.3.8,prerequisite
CA-CCSS-ELA-2013,W.3.8,CA-CCSS-ELA-2013,W.4.8,prerequisite
CA-CCSS-ELA-2013,W.4.8,CA-CCSS-ELA-2013,W.5.8,prerequisite
CA-CCSS-ELA-2013,W.K.9,CA-CCSS-ELA-2013,W.1.9,prerequisite
CA-CCSS-ELA-2013,W.1.9,CA-CCSS-ELA-2013,W.2.9,prerequisite
CA-CCSS-ELA-2013,W.2.9,CA-CCSS-ELA-2013,W.3.9,prerequisite
CA-CCSS-ELA-2013,W.3.9,CA-CCSS-ELA-2013,W.4.9,prerequisite
CA-CCSS-ELA-2013,W.4.9,CA-CCSS-ELA-2013,W.5.9,prerequisite